post_id,post_text,time,image,video,comments,shares,reactions,reaction_count,post_length,content_type,hour,day_of_week
762758365888751,"11-year-old Milat sits in the rubble of his home in Afghanistan, destroyed by the powerful earthquakes that hit the country last month.

He lost his little brother and his mother suffered severe injuries.

UNICEFXem th√™m teams on the ground are providing essential supplies to children impacted by the crisis. But to reach more families - we need your support.

Donate today and help make a difference. https://uni.cf/403F92F",2023-11-02 15:00:05,True,False,34,17,"{'th√≠ch': 235, 'y√™u th√≠ch': 13, 'th∆∞∆°ng th∆∞∆°ng': 40, 'bu·ªìn': 100}",388,425,Image Only,15,Thursday
762643625900225,"Seeing Luul suffering from severe malnutrition filled her mother with fear in Somalia.

These are the key treatments which helped power her back to health.",2023-11-02 11:28:58,False,True,31,19,"{'th√≠ch': 149, 'y√™u th√≠ch': 28, 'th∆∞∆°ng th∆∞∆°ng': 33, 'bu·ªìn': 4}",214,155,Video Only,11,Thursday
762866202544634,"The scenes of carnage coming out of Jabaliya camp in the Gaza Strip following attacks yesterday and again today are horrific and appalling.

Many children are reportedly among the casualties.

Full statement:",2023-11-02 06:28:34,False,False,69,140,"{'th√≠ch': 275, 'y√™u th√≠ch': 13, 'haha': 1, 'th∆∞∆°ng th∆∞∆°ng': 20, 'bu·ªìn': 159, 'ph·∫´n n·ªô': 8}",476,208,Neither,6,Thursday
762748455889742,"Hostilities have forced over 30,000 children to flee their homes to Armenia.

From treasured instruments to soil from their garden, these are some of the things children took with them.

UNICEF is on the ground, reaching children and their families with healthcare, mental health support and educational materials.

",2023-11-02 01:01:11,False,False,33,19,"{'th√≠ch': 201, 'y√™u th√≠ch': 10, 'th∆∞∆°ng th∆∞∆°ng': 32, 'bu·ªìn': 10, 'ph·∫´n n·ªô': 1}",254,316,Neither,1,Thursday
762650685899519,"‚ÄúIsolated from the world where nobody knows our existence.‚Äù

This is how our colleague Rawan describes the current situation in Gaza.

UNICEF is calling for:
- An immediate humanitarian ceasefire.
- UnrestrictedXem th√™m humanitarian access to allow aid to reach children and families.
- Immediate and safe release of all abducted children.
- All parties to afford children the special protection to which they are entitled.",2023-11-01 22:05:04,False,True,160,175,"{'th√≠ch': 237, 'y√™u th√≠ch': 6, 'haha': 2, 'wow': 1, 'th∆∞∆°ng th∆∞∆°ng': 38, 'bu·ªìn': 216, 'ph·∫´n n·ªô': 6}",506,423,Video Only,22,Wednesday
762601325904455,"Three incredible stories of children recovering from severe malnutrition.

Three critical reasons to step up funding for prevention, detection and treatment.

",2023-11-01 20:05:23,False,False,24,19,"{'th√≠ch': 232, 'y√™u th√≠ch': 32, 'haha': 1, 'th∆∞∆°ng th∆∞∆°ng': 13, 'bu·ªìn': 1, 'ph·∫´n n·ªô': 1}",280,159,Neither,20,Wednesday
762511595913428,"‚ÄúWe were trapped.‚Äù

A 16-year-old from DR Congo recounts the horrific tale of escaping armed groups - after they recruited him and assigned him to a life of violence.

See how UNICEF and partners are helping him readjust to life as a child.",2023-11-01 17:00:40,False,False,37,19,"{'th√≠ch': 217, 'y√™u th√≠ch': 18, 'wow': 1, 'th∆∞∆°ng th∆∞∆°ng': 28, 'bu·ªìn': 5, 'ph·∫´n n·ªô': 2}",271,240,Neither,17,Wednesday
762101789287742,"Unrelenting attacks have taken a devastating toll on Gaza's children.

UNICEF is calling for an immediate humanitarian ceasefire and unrestricted humanitarian access throughout Gaza.",2023-11-01 01:23:14,False,True,476,586,"{'th√≠ch': 394, 'y√™u th√≠ch': 30, 'haha': 1, 'wow': 3, 'th∆∞∆°ng th∆∞∆°ng': 120, 'bu·ªìn': 424, 'ph·∫´n n·ªô': 23}",995,182,Video Only,1,Wednesday
762018162629438,"Life-saving UNICEF medical supplies are en route to support the rising needs of children in Gaza.

We need all access crossings into Gaza to be opened for safe, sustained and unimpeded access of humanitarian aid.",2023-10-31 23:00:20,False,True,138,106,"{'th√≠ch': 492, 'y√™u th√≠ch': 107, 'haha': 2, 'th∆∞∆°ng th∆∞∆°ng': 47, 'bu·ªìn': 12, 'ph·∫´n n·ªô': 2}",662,212,Video Only,23,Tuesday
761954135969174,"As the situation for children in the State of Palestine and Israel continues to deteriorate, UNICEF urgently appeals on all parties to agree to a ceasefire, allow humanitarian access across Gaza and release all hostages.",2023-10-31 21:00:08,True,False,192,415,"{'th√≠ch': 931, 'y√™u th√≠ch': 50, 'haha': 1, 'th∆∞∆°ng th∆∞∆°ng': 135, 'bu·ªìn': 229, 'ph·∫´n n·ªô': 8}",1354,220,Image Only,21,Tuesday
761520579345863,"Little Laoualy was so sick from flu and malnutrition that he couldn‚Äôt stand up.

This is the simple solution which helped save his life in Niger.",2023-10-31 20:02:24,False,True,28,22,"{'th√≠ch': 193, 'y√™u th√≠ch': 31, 'haha': 1, 'th∆∞∆°ng th∆∞∆°ng': 35}",260,145,Video Only,20,Tuesday
761608889337032,"In the aftermath of the earthquakes in Afghanistan, families need our help to rebuild their lives and give their children a brighter future.

UNICEF is on the ground but we can't do it alone. Donate today to bring hope and relief to those in need: https://uni.cf/403F92F",2023-10-31 04:30:13,False,False,119,39,"{'th√≠ch': 457, 'y√™u th√≠ch': 17, 'wow': 1, 'th∆∞∆°ng th∆∞∆°ng': 71, 'bu·ªìn': 108}",654,270,Neither,4,Tuesday
761460359351885,"‚ÄúThe situation in Gaza has become absolutely inhumane and unbearable by all international standards.‚Äù

Our colleague on the ground describes the challenges many are facing.

Limited - yet life-saving - suppliesXem th√™m are entering Gaza.

UNICEF is calling for an immediate ceasefire and for unrestricted humanitarian access to allow aid to reach children and families.",2023-10-31 00:53:22,False,True,337,444,"{'th√≠ch': 398, 'y√™u th√≠ch': 9, 'haha': 2, 'th∆∞∆°ng th∆∞∆°ng': 101, 'bu·ªìn': 323, 'ph·∫´n n·ªô': 11}",844,369,Video Only,0,Tuesday
760884589409462,Humanitarian law is clear: all parties must protect civilians and ensure humanitarian access.,2023-10-30 03:35:17,True,False,174,320,"{'th√≠ch': 951, 'y√™u th√≠ch': 64, 'wow': 1, 'th∆∞∆°ng th∆∞∆°ng': 162, 'bu·ªìn': 242, 'ph·∫´n n·ªô': 7}",1427,93,Image Only,3,Monday
759585602872694,"UNICEF is calling for all access crossings into Gaza to be opened for a safe, sustained and unimpeded access of humanitarian aid, including water, food, medical supplies, and fuel.",2023-10-29 23:00:11,False,True,173,282,"{'th√≠ch': 396, 'y√™u th√≠ch': 13, 'haha': 1, 'wow': 1, 'th∆∞∆°ng th∆∞∆°ng': 83, 'bu·ªìn': 239, 'ph·∫´n n·ªô': 6}",739,180,Video Only,23,Sunday
749015600596361,"Every sachet counts.

Baby Ousseyni is eating ready-to-use therapeutic food thanks to a UNICEF-supported mobile health and nutrition clinic in Mali.

The special mix of nutrients, vitamins and minerals is helping children recover from severe malnutrition across the world.",2023-10-29 20:04:45,True,False,64,60,"{'th√≠ch': 941, 'y√™u th√≠ch': 112, 'haha': 1, 'wow': 1, 'th∆∞∆°ng th∆∞∆°ng': 38, 'bu·ªìn': 1, 'ph·∫´n n·ªô': 1}",1095,272,Image Only,20,Sunday
760140352817219,"Unrelenting attacks have taken a devastating toll on Gaza's children.

UNICEF is calling for an immediate ceasefire and for sustained and unimpeded access for humanitarian assistance.",2023-10-28 23:00:54,True,False,358,824,"{'th√≠ch': 1410, 'y√™u th√≠ch': 220, 'haha': 9, 'wow': 3, 'th∆∞∆°ng th∆∞∆°ng': 273, 'bu·ªìn': 72, 'ph·∫´n n·ªô': 5}",1992,183,Image Only,23,Saturday
759675549530366,All humanitarians and the children and families they serve MUST be protected.,2023-10-28 03:44:46,True,False,741,1512,"{'th√≠ch': 1190, 'y√™u th√≠ch': 72, 'haha': 2, 'wow': 7, 'th∆∞∆°ng th∆∞∆°ng': 391, 'bu·ªìn': 1052, 'ph·∫´n n·ªô': 20}",2734,77,Image Only,3,Saturday
758982566266331,"Children in Afghanistan have been severely impacted by the recent earthquakes.

To support their rising needs, more than 80 metric tons of UNICEF medical supplies arrived in Kabul.

But to reach every child, we need your help. Donate today: https://uni.cf/403F92F",2023-10-27 20:00:04,False,True,171,113,"{'th√≠ch': 463, 'y√™u th√≠ch': 20, 'wow': 3, 'th∆∞∆°ng th∆∞∆°ng': 83, 'bu·ªìn': 231, 'ph·∫´n n·ªô': 3}",803,263,Video Only,20,Friday
759310466233541,"A staggering 19 million children are out of school in Sudan as conflict rages on.

Millions of children and families have been displaced.

UNICEF is providing safe spaces for children to learn, play and get the mental health support they need.

You can help by donating today. https://uni.cf/3LuXsIe",2023-10-27 15:00:47,True,False,85,83,"{'th√≠ch': 814, 'y√™u th√≠ch': 83, 'haha': 1, 'th∆∞∆°ng th∆∞∆°ng': 54, 'bu·ªìn': 68, 'ph·∫´n n·ªô': 1}",1021,299,Image Only,15,Friday
759008619597059,"From Al-Arish airport in Egypt, Ted Chaiban, UNICEF Deputy Executive Director, on the life-saving humanitarian supplies - including water and medical supplies - that are making their way to support Gaza‚Äôs children.

UNICEF is calling for an immediate ceasefire and for sustained and unimpeded access for humanitarian assistance.",2023-10-27 02:34:01,False,True,182,131,"{'th√≠ch': 484, 'y√™u th√≠ch': 55, 'wow': 3, 'th∆∞∆°ng th∆∞∆°ng': 80, 'bu·ªìn': 7, 'ph·∫´n n·ªô': 2}",631,328,Video Only,2,Friday
758872256277362,"Fuel means safe water.

Fuel means functioning health facilities.

And it is desperately needed in Gaza to operate hospitals, desalination plants and water pumping stations.

As limited, yet life-saving medicine,Xem th√™m food and water enter Gaza on UN trucks, it‚Äôs critical that fuel is allowed through too.

The death toll will increase exponentially if hospitals don‚Äôt have electricity to function, if children continue to drink unsafe water and have no access to medicine when they get sick.",2023-10-26 22:23:31,False,True,156,220,"{'th√≠ch': 404, 'y√™u th√≠ch': 28, 'wow': 1, 'th∆∞∆°ng th∆∞∆°ng': 106, 'bu·ªìn': 218, 'ph·∫´n n·ªô': 3}",760,495,Video Only,22,Thursday
758637666300821,"Conflict in Sudan has displaced millions of people.

Many children and families in the Darfur region crossed borders to seek safety.

This is how UNICEF is reaching children who are still in the conflict zone with life-saving supplies.",2023-10-26 15:01:47,False,True,66,66,"{'th√≠ch': 307, 'y√™u th√≠ch': 15, 'haha': 1, 'wow': 3, 'th∆∞∆°ng th∆∞∆°ng': 68, 'bu·ªìn': 9, 'ph·∫´n n·ªô': 2}",405,235,Video Only,15,Thursday
758304583000796,"‚ÄúThe footage of children being rescued from beneath the rubble, injured and in distress, while trembling in hospitals as they await treatment, portrays the immense horror these children are enduring.

ButXem th√™m without humanitarian access, the deaths from attacks could be the tip of the iceberg.‚Äù

Adele Khodr, UNICEF Regional Director for the Middle East and North Africa on the escalating crisis in Gaza.

While some UNICEF supplies of water, medicine and hygiene kits have reached Gaza, we have many more life-saving supplies ready and waiting.

We're calling for all access crossings into Gaza to be opened for a safe, sustained and unimpeded access of humanitarian aid, including water, food, medical supplies, and fuel.",2023-10-26 02:00:04,True,False,335,839,"{'th√≠ch': 1335, 'y√™u th√≠ch': 74, 'wow': 3, 'th∆∞∆°ng th∆∞∆°ng': 176, 'bu·ªìn': 548, 'ph·∫´n n·ªô': 11}",2147,728,Image Only,2,Thursday
758282949669626,"Children in Gaza have been hearing these ear-shattering sounds constantly for the last two weeks.

UNICEF is calling for an immediate ceasefire and for sustained and unimpeded access for humanitarian assistance.",2023-10-26 00:41:17,False,True,301,696,"{'th√≠ch': 524, 'y√™u th√≠ch': 26, 'haha': 1, 'wow': 5, 'th∆∞∆°ng th∆∞∆°ng': 109, 'bu·ªìn': 463, 'ph·∫´n n·ªô': 23}",1151,211,Video Only,0,Thursday
757651779732743,"Baby Medina in Ethiopia was so malnourished her mother was worried she wouldn‚Äôt make it.

This is how a special milk and paste provided by UNICEF helped her recover.",2023-10-25 23:00:06,False,True,31,43,"{'th√≠ch': 336, 'y√™u th√≠ch': 59, 'wow': 2, 'th∆∞∆°ng th∆∞∆°ng': 83, 'bu·ªìn': 16}",496,165,Video Only,23,Wednesday
757617969736124,"In Sudan, a generation's future is at stake.

With the ongoing conflict, more than 19 million children have been denied their right to learn.

Children need access to quality education.",2023-10-25 15:00:10,False,True,41,69,"{'th√≠ch': 416, 'y√™u th√≠ch': 43, 'wow': 2, 'th∆∞∆°ng th∆∞∆°ng': 50, 'bu·ªìn': 13}",524,185,Video Only,15,Wednesday
757675959730325,"Fuel means safe water.

Fuel means functioning health facilities.

And it is desperately needed in Gaza to operate hospitals, desalination plants and water pumping stations.

We‚Äôre calling for the urgent openingXem th√™m of all access crossings into Gaza so that fuel and other life-saving supplies can reach the children and families in need.

Lives depend on it. Time is running out.",2023-10-25 04:00:31,True,False,125,100,"{'th√≠ch': 650, 'y√™u th√≠ch': 58, 'haha': 3, 'wow': 2, 'th∆∞∆°ng th∆∞∆°ng': 88, 'bu·ªìn': 16}",817,384,Image Only,4,Wednesday
757645556400032,"Unrelenting attacks have taken a devastating toll on Gaza's children, with a reported 2,360 fatalities and 5,364 injuries.

More than 30 Israeli children have reportedly lost their lives.

We urgently appeal for a ceasefire, humanitarian access, and the release of hostages.",2023-10-25 02:46:58,False,False,146,230,"{'th√≠ch': 526, 'y√™u th√≠ch': 19, 'wow': 5, 'th∆∞∆°ng th∆∞∆°ng': 92, 'bu·ªìn': 338, 'ph·∫´n n·ªô': 6}",986,274,Neither,2,Wednesday
756884483142806,"‚ÄúEvery day we visit about 100 homes, vaccinating about 170 to 180 children.‚Äù

Community workers like Bahareh are essential in the effort to #EndPolio in Afghanistan.

Together, governments and communities can bring support and resources to the people working to end this disease once and for all.",2023-10-25 02:00:20,False,True,42,49,"{'th√≠ch': 429, 'y√™u th√≠ch': 58, 'th∆∞∆°ng th∆∞∆°ng': 34, 'ph·∫´n n·ªô': 1}",522,296,Video Only,2,Wednesday
757498656414722,"Two-thirds of refugee children in Armenia are enrolled in school, one month after more than 21,000 school-age children fled their homes. Yet 1 in 3 remain without access.

As UNICEF scales up education and mental health support, we‚Äôre calling for urgent investment.

",2023-10-24 23:01:23,False,False,38,21,"{'th√≠ch': 406, 'y√™u th√≠ch': 22, 'wow': 1, 'th∆∞∆°ng th∆∞∆°ng': 43, 'bu·ªìn': 3}",475,267,Neither,23,Tuesday
756875769810344,"During times of conflict, healthcare systems are often impacted, leaving children especially vulnerable to illness.

In the Democratic Republic of the Congo, vaccinators like Basemi are doing everything they can to ensure that displaced children are protected against polio.

#WorldPolioDay",2023-10-24 20:00:58,False,True,44,83,"{'th√≠ch': 452, 'y√™u th√≠ch': 66, 'wow': 2, 'th∆∞∆°ng th∆∞∆°ng': 49, 'bu·ªìn': 9}",578,290,Video Only,20,Tuesday
756801836484404,"A first - but limited - shipment of life-saving supplies from UNICEF entered Gaza on Saturday.

To save children's lives, much more is needed, warns Ted Chaiban, UNICEF Deputy Executive Director.

UNICEF has prepositioned more supplies, but we need immediate, unrestricted humanitarian access throughout Gaza.",2023-10-24 01:00:45,False,True,241,225,"{'th√≠ch': 501, 'y√™u th√≠ch': 46, 'haha': 1, 'wow': 5, 'th∆∞∆°ng th∆∞∆°ng': 42, 'bu·ªìn': 227, 'ph·∫´n n·ªô': 6}",828,309,Video Only,1,Tuesday
756792829818638,"Following a deadly earthquake in Afghanistan, UNICEF has delivered more than 80 tonnes of medical supplies for children and their families.

These include medicines and medical equipment as well as midwifery and surgical kits.

",2023-10-24 00:00:43,False,False,40,24,"{'th√≠ch': 361, 'y√™u th√≠ch': 21, 'wow': 1, 'th∆∞∆°ng th∆∞∆°ng': 47, 'bu·ªìn': 4}",434,228,Neither,0,Tuesday
756030249894896,"Our colleague on the ground in Gaza describes the devastation around her, and the urgent and immense needs for food, water, medicine and fuel.

As the first life-saving UN supplies enter Gaza, UNICEF calls forXem th√™m the protection of civilians, humanitarian workers and services children and families rely on - including water systems, schools and hospitals.",2023-10-22 22:30:51,False,True,303,279,"{'th√≠ch': 396, 'y√™u th√≠ch': 26, 'haha': 1, 'wow': 3, 'th∆∞∆°ng th∆∞∆°ng': 85, 'bu·ªìn': 252, 'ph·∫´n n·ªô': 2}",765,360,Video Only,22,Sunday
755897276574860,"Political turmoil
Armed violence
Crippling poverty
Natural disasters

A deadly combination of threats continues to jeopardize the survival, safety and well-being of Haiti‚Äôs children. This is how UNICEF is responding.",2023-10-22 17:00:28,False,False,63,31,"{'th√≠ch': 377, 'y√™u th√≠ch': 36, 'th∆∞∆°ng th∆∞∆°ng': 44, 'bu·ªìn': 5}",462,216,Neither,17,Sunday
755533059944615,"The first UN supplies of water, food and medicine have entered Gaza.

To save children's lives, much more is needed.

We continue to call for a ceasefire to protect civilians and humanitarian workers, and ensure safe and sustained access to aid.",2023-10-22 01:00:06,False,True,222,307,"{'th√≠ch': 772, 'y√™u th√≠ch': 166, 'wow': 2, 'th∆∞∆°ng th∆∞∆°ng': 127, 'bu·ªìn': 21, 'ph·∫´n n·ªô': 2}",1090,245,Video Only,1,Sunday
754897493341505,"Conflict in Sudan is disrupting regular immunization efforts for millions of children in the country.

This is how UNICEF and partners are working to ensure children are protected from harmful diseases.",2023-10-21 20:00:17,False,True,44,51,"{'th√≠ch': 377, 'y√™u th√≠ch': 49, 'th∆∞∆°ng th∆∞∆°ng': 73, 'bu·ªìn': 9, 'ph·∫´n n·ªô': 1}",509,202,Video Only,20,Saturday
755388069959114,"The first UNICEF deliveries of life-saving supplies for children have entered #Gaza as part of a convoy with the Red Crescent, World Health Organization (WHO) and World Food Programme.

We renew our appeal for sustained humanitarian access as the situation worsens.

",2023-10-21 19:23:38,False,False,84,101,"{'th√≠ch': 804, 'y√™u th√≠ch': 129, 'th∆∞∆°ng th∆∞∆°ng': 35, 'bu·ªìn': 3}",971,267,Neither,19,Saturday
755328303298424,"Ten-year-old Sefafullah, together with his uncle and one of his brothers, unpacks essential kitchen items provided by UNICEF.

He is a survivor of the recent earthquakes in Afghanistan and his story is one ofXem th√™m unimaginable loss.

""I was walking on the road near my house when the earthquake suddenly happened. My five-year-old brother was collecting water at our neighbour's house and died as the roof collapsed. I have lost all hope. All our possessions were destroyed. I'm so fearful of the coming winter and the snowfall.""

UNICEF is there for the children of Afghanistan. Donate today and boost our efforts. https://uni.cf/403F92F",2023-10-21 17:01:46,True,False,50,47,"{'th√≠ch': 594, 'y√™u th√≠ch': 80, 'wow': 2, 'th∆∞∆°ng th∆∞∆°ng': 95, 'bu·ªìn': 12}",783,641,Image Only,17,Saturday
755018866662701,"UNICEF supplies are standing by and ready to go for the children of Gaza.

We need unhindered access and safe delivery of life-saving supplies.

The needs are immense. Time is running out.",2023-10-21 03:00:56,False,True,212,219,"{'th√≠ch': 660, 'y√™u th√≠ch': 46, 'haha': 1, 'wow': 2, 'th∆∞∆°ng th∆∞∆°ng': 101, 'bu·ªìn': 161, 'ph·∫´n n·ªô': 2}",973,188,Video Only,3,Saturday
754955603335694,"The delivery of aid is a matter of life or death for children in Gaza.

Water, food, medicine, fuel and other essentials are all running out.

UNICEF has sent crucial supplies to Egypt near the crossing to Gaza but we need an immediate humanitarian pause and urgent access to meet the needs of children and families.",2023-10-21 00:25:36,True,False,544,404,"{'th√≠ch': 1178, 'y√™u th√≠ch': 42, 'haha': 3, 'wow': 2, 'th∆∞∆°ng th∆∞∆°ng': 98, 'bu·ªìn': 887, 'ph·∫´n n·ªô': 13}",2223,316,Image Only,0,Saturday
754888560009065,"Water systems in the Gaza Strip have been heavily impacted by the war.

Clean water is running out.

UNICEF has sent water and sanitation supplies to Egypt near the crossing to Gaza but we need an immediate humanitarian pause and urgent access to ensure their safe delivery.",2023-10-20 22:14:59,False,True,89,80,"{'th√≠ch': 373, 'y√™u th√≠ch': 22, 'th∆∞∆°ng th∆∞∆°ng': 53, 'bu·ªìn': 166, 'ph·∫´n n·ªô': 3}",617,274,Video Only,22,Friday
754363473394907,"UNICEF supplies are standing by and ready to go for the children of Gaza.

They include water, hygiene kits, mobile latrines, thermal blankets, water purification tablets, medicine and medical equipment.

We need unhindered access and safe delivery of life-saving supplies.

The needs are immense. Time is running out.",2023-10-20 03:29:34,True,False,367,297,"{'th√≠ch': 2525, 'y√™u th√≠ch': 489, 'haha': 8, 'wow': 3, 'th∆∞∆°ng th∆∞∆°ng': 273, 'bu·ªìn': 25, 'ph·∫´n n·ªô': 6}",3329,318,Image Only,3,Friday
754307010067220,"This is how the recent earthquakes in Afghanistan have impacted families:

‚ö†Ô∏è Over 1,000 people reportedly killed
‚ö†Ô∏è 90 per cent of fatalities have been women and children
‚ö†Ô∏è More than 1,800 injured

UNICEF is supporting children on the ground - donate today and boost our efforts.",2023-10-20 01:02:58,False,False,44,44,"{'th√≠ch': 411, 'y√™u th√≠ch': 25, 'wow': 2, 'th∆∞∆°ng th∆∞∆°ng': 64, 'bu·ªìn': 149}",651,281,Neither,1,Friday
754186393412615,"Earlier this week, UNICEF water tanks distributed drinking water to families in the Rafah governorate, southern Gaza.

The majority of the water systems in the Gaza Strip have been heavily impacted by the warXem th√™m and clean water is running out. Our supplies are too.

UNICEF has sent water and sanitation supplies to Egypt near the crossing to Gaza, but we need an immediate humanitarian pause and urgent access to ensure their safe delivery to children and families in need.",2023-10-19 22:29:17,True,False,180,148,"{'th√≠ch': 1334, 'y√™u th√≠ch': 160, 'haha': 4, 'wow': 4, 'th∆∞∆°ng th∆∞∆°ng': 99, 'bu·ªìn': 265, 'ph·∫´n n·ªô': 3}",1869,479,Image Only,22,Thursday
753647016799886,"Baby Sanad was vomiting, dehydrated and extremely weak from deadly severe malnutrition in Yemen.

After his mother Raneem raced him to the hospital, this is the treatment which helped save his life.",2023-10-19 07:00:36,False,True,151,73,"{'th√≠ch': 437, 'y√™u th√≠ch': 41, 'wow': 2, 'th∆∞∆°ng th∆∞∆°ng': 90, 'bu·ªìn': 78}",648,198,Video Only,7,Thursday
753509653480289,"Food, water, fuel and medical supplies are on the verge of running out in Gaza.

To meet the huge needs, UNICEF and other UN agencies have sent supplies to Egypt near the crossing to Gaza.

We need an immediate humanitarian pause to ensure unhindered and safe delivery of life-saving supplies to children and families in need.",2023-10-18 22:22:03,True,False,438,248,"{'th√≠ch': 2020, 'y√™u th√≠ch': 221, 'haha': 2, 'wow': 3, 'th∆∞∆°ng th∆∞∆°ng': 127, 'bu·ªìn': 384, 'ph·∫´n n·ªô': 5}",2762,326,Image Only,22,Wednesday
753481950149726,"Dozens of children were evacuated from their school in Haiti, where they had been trapped for three days amid violent clashes between rival armed groups.

This is how UNICEF Haiti supported their release and recovery.",2023-10-18 21:03:37,False,False,144,29,"{'th√≠ch': 455, 'y√™u th√≠ch': 31, 'haha': 1, 'wow': 2, 'th∆∞∆°ng th∆∞∆°ng': 34, 'bu·ªìn': 48, 'ph·∫´n n·ªô': 5}",576,217,Neither,21,Wednesday
753049700192951,Statement by UNICEF Executive Director Catherine Russell on the deaths and injuries of children at Al Ahli Hospital in the Gaza Strip.,2023-10-18 05:22:06,False,False,819,114,"{'th√≠ch': 509, 'y√™u th√≠ch': 16, 'haha': 1, 'wow': 1, 'th∆∞∆°ng th∆∞∆°ng': 27, 'bu·ªìn': 156, 'ph·∫´n n·ªô': 60}",770,134,Neither,5,Wednesday
752983303532924,"UNICEF strongly condemns the strike on the Al Ahli Arab Hospital in Gaza with hundreds of civilians reported killed and injured.

We call for the protection of all civilians, including children, and the infrastructure they rely on.

We need an immediate ceasefire and humanitarian access.",2023-10-18 02:40:24,True,False,1299,1501,"{'th√≠ch': 1597, 'y√™u th√≠ch': 63, 'haha': 9, 'wow': 3, 'th∆∞∆°ng th∆∞∆°ng': 88, 'bu·ªìn': 915, 'ph·∫´n n·ªô': 342}",3017,288,Image Only,2,Wednesday
752924743538780,"Children and families in Afghanistan are reeling from the impacts of multiple earthquakes and aftershocks.

Many have lost their loved ones and their homes.

UNICEF continues its work supporting children, but we need your help. Donate today. https://uni.cf/403F92F",2023-10-18 01:00:44,False,True,204,85,"{'th√≠ch': 419, 'y√™u th√≠ch': 20, 'haha': 1, 'wow': 3, 'th∆∞∆°ng th∆∞∆°ng': 48, 'bu·ªìn': 171, 'ph·∫´n n·ªô': 2}",664,264,Video Only,1,Wednesday
752857210212200,"UNICEF calls for an immediate humanitarian pause to ensure unhindered and safe access to children in need - no matter who they are or where they are.

Children in Gaza need life-saving support and every minute counts.",2023-10-17 23:00:10,False,True,304,199,"{'th√≠ch': 435, 'y√™u th√≠ch': 35, 'wow': 2, 'th∆∞∆°ng th∆∞∆°ng': 62, 'bu·ªìn': 256, 'ph·∫´n n·ªô': 9}",799,217,Video Only,23,Tuesday
748317797332808,"Baby Hafsat was extremely ill.

Her mother, fearful about her daughter's painfully thin frame, took her to a UNICEF-supported clinic in Nigeria.

There, she was diagnosed with severe malnutrition and givenXem th√™m ready-to-use therapeutic food, a paste packed full of calories, vitamins and nutrients, for her to take at home.

After two months of treatment and visits from a community health worker Hafsat is now so much happier and healthier.

To make sure no child goes through what Hafsat went through, UNICEF is calling for governments to urgently invest in quality nutrition services.",2023-10-17 20:00:01,True,False,84,69,"{'th√≠ch': 758, 'y√™u th√≠ch': 109, 'haha': 2, 'wow': 2, 'th∆∞∆°ng th∆∞∆°ng': 116, 'bu·ªìn': 26, 'ph·∫´n n·ªô': 1}",1014,590,Image Only,20,Tuesday
752320570265864,"Children and families in Gaza have practically run out of water.

They are now forced to use dirty water from wells, increasing risks of waterborne diseases.

We need an immediate humanitarian pause to ensure unhindered and safe access to children and families in Gaza.",2023-10-17 01:05:08,True,False,608,476,"{'th√≠ch': 1179, 'y√™u th√≠ch': 24, 'haha': 8, 'wow': 7, 'th∆∞∆°ng th∆∞∆°ng': 72, 'bu·ªìn': 1335, 'ph·∫´n n·ªô': 38}",2663,269,Image Only,1,Tuesday
751672053664049,"Hundreds of thousands of children and families in Gaza are caught in a catastrophic situation.

After days of bombardment and cuts to all supply routes, many have run out of food, water, electricity, medicineXem th√™m and health care.

UNICEF and partners have been on the ground in the Gaza Strip, delivering immediate humanitarian support. But the needs are massive.

We need an immediate humanitarian pause to ensure unhindered and safe delivery of life-saving supplies to children and families in need.

Support our response by donating today: https://uni.cf/46Kcfal",2023-10-16 03:05:00,True,False,1073,1415,"{'th√≠ch': 3756, 'y√™u th√≠ch': 146, 'haha': 15, 'wow': 12, 'th∆∞∆°ng th∆∞∆°ng': 308, 'bu·ªìn': 3769, 'ph·∫´n n·ªô': 42}",8048,569,Image Only,3,Monday
751526090345312,"Another 6.4-magnitude earthquake struck Afghanistan today - tragically causing more casualties and destruction.

UNICEF is there and providing life-saving services. But the needs are immense.

Donate today to support children. https://uni.cf/403F92F",2023-10-15 23:02:29,True,False,244,142,"{'th√≠ch': 1142, 'y√™u th√≠ch': 34, 'haha': 2, 'wow': 6, 'th∆∞∆°ng th∆∞∆°ng': 76, 'bu·ªìn': 826, 'ph·∫´n n·ªô': 2}",2088,249,Image Only,23,Sunday
751433567021231,"The futures of 24 million children in Sudan are at risk as the conflict rages on and access to basic services continues to be disrupted.

The #CostOfInaction for Sudan is already unacceptably high.

We need your urgent support. Donate today to save lives. https://uni.cf/3LuXsIe",2023-10-15 21:02:22,True,False,115,112,"{'th√≠ch': 948, 'y√™u th√≠ch': 21, 'haha': 2, 'wow': 2, 'th∆∞∆°ng th∆∞∆°ng': 38, 'bu·ªìn': 265, 'ph·∫´n n·ªô': 2}",1278,278,Image Only,21,Sunday
750846023746652,"‚ÄúThere is no clean drinking water, no sufficient food, and no bathrooms.‚Äù

Time is running out for children in Gaza. UNICEF is continuing to respond to their critical needs but access is becoming increasingly difficult and dangerous.

Help support our work by donating now. https://uni.cf/46Kcfal",2023-10-15 04:05:55,False,True,383,508,"{'th√≠ch': 667, 'y√™u th√≠ch': 33, 'haha': 2, 'wow': 5, 'th∆∞∆°ng th∆∞∆°ng': 138, 'bu·ªìn': 758, 'ph·∫´n n·ªô': 12}",1615,296,Video Only,4,Sunday
750692183762036,"The situation for children in the Middle East is catastrophic, with unrelenting bombing and a massive increase in the displacement of children and families.

Children have been killed and injured.

UNICEF isXem th√™m continuing to respond to the critical needs of children across the Gaza Strip, but access is becoming increasingly difficult and dangerous.

We need an immediate humanitarian pause to ensure unhindered and safe access to children in need, no matter who they are or where they are. There are rules of war. Children in Gaza need lifesaving support and every minute counts.",2023-10-15 00:00:01,True,False,478,1211,"{'th√≠ch': 2694, 'y√™u th√≠ch': 144, 'haha': 1, 'wow': 3, 'th∆∞∆°ng th∆∞∆°ng': 495, 'bu·ªìn': 1545, 'ph·∫´n n·ªô': 19}",4901,586,Image Only,0,Sunday
749957880502133,"Time is running out for children in Gaza.

UNICEF calls for an immediate humanitarian pause and safe access to scale and sustain lifesaving services for children.",2023-10-14 05:54:38,False,False,308,279,"{'th√≠ch': 904, 'y√™u th√≠ch': 104, 'haha': 1, 'wow': 1, 'th∆∞∆°ng th∆∞∆°ng': 125, 'bu·ªìn': 73}",1208,162,Neither,5,Saturday
749509090547012,"Escalating violence in Haiti has forced many schools to close and disrupted education for thousands of children.

UNICEF is working with the Government to ensure children displaced by the crisis can continue learning by distributing school supplies and cash support to families.

#ChildrenUnderAttack",2023-10-13 15:02:08,False,False,287,45,"{'th√≠ch': 764, 'y√™u th√≠ch': 53, 'haha': 1, 'th∆∞∆°ng th∆∞∆°ng': 19, 'bu·ªìn': 3, 'ph·∫´n n·ªô': 1}",841,300,Neither,15,Friday
749221750575746,"96,000 children have been affected by recent earthquakes in western Afghanistan.

Many lost their loved ones and saw their homes destroyed.

As winter fast approaches, UNICEF has launched a funding appeal to support their urgent needs.",2023-10-13 04:05:39,False,False,194,60,"{'th√≠ch': 551, 'y√™u th√≠ch': 20, 'th∆∞∆°ng th∆∞∆°ng': 56, 'bu·ªìn': 94, 'ph·∫´n n·ªô': 2}",723,235,Neither,4,Friday
748327983998456,"Several days after a powerful earthquake impacted Afghanistan, another 6.3-magnitude quake shook the western provinces today.

UNICEF continues to support children and their needs.

But we need your help. We cannot fail Afghanistan‚Äôs children. Donate now. https://uni.cf/403F92F",2023-10-12 02:01:50,True,False,189,115,"{'th√≠ch': 1257, 'y√™u th√≠ch': 66, 'wow': 2, 'th∆∞∆°ng th∆∞∆°ng': 98, 'bu·ªìn': 407, 'ph·∫´n n·ªô': 1}",1831,278,Image Only,2,Thursday
748207850677136,"Day of the Girl is a reminder that we need to scale up investments to unlock the full potential of girls around the world.

#IDG2023",2023-10-11 23:03:51,False,False,63,81,"{'th√≠ch': 504, 'y√™u th√≠ch': 66, 'th∆∞∆°ng th∆∞∆°ng': 17, 'bu·ªìn': 1}",588,132,Neither,23,Wednesday
746905094140745,"The impacts of conflict and climate change often leave girls in vulnerable situations.

This is how UNICEF is protecting their rights and safety in emergencies.

#DayOfTheGirl #IDG2023",2023-10-11 20:00:15,False,True,97,113,"{'th√≠ch': 592, 'y√™u th√≠ch': 80, 'haha': 1, 'wow': 2, 'th∆∞∆°ng th∆∞∆°ng': 72, 'bu·ªìn': 5}",752,184,Video Only,20,Wednesday
747509110747010,"Refugee children arriving in Armenia are showing signs of severe psychological distress.

More than 30,000 children have fled their homes since the escalation of hostilities in their communities two weeks ago.

UNICEF is on the ground with partners providing children with safe spaces to play and receive mental health support.",2023-10-11 01:03:34,False,False,91,56,"{'th√≠ch': 586, 'y√™u th√≠ch': 24, 'haha': 1, 'th∆∞∆°ng th∆∞∆°ng': 89, 'bu·ªìn': 105}",805,327,Neither,1,Wednesday
746912907473297,"1 in 7.

That's the number of 10- to 19-year-olds who live with a diagnosed mental health disorder.

This #WorldMentalHealthDay, let's address the stigma and insufficient funding that impede the well-being of children and young people. https://uni.cf/3tq5knK

#OnMyMind",2023-10-10 23:00:02,True,False,102,125,"{'th√≠ch': 709, 'y√™u th√≠ch': 67, 'haha': 2, 'wow': 1, 'th∆∞∆°ng th∆∞∆°ng': 68, 'bu·ªìn': 16}",863,269,Image Only,23,Tuesday
746567414174513,"Coping with the unimaginable.

This is Merve‚Äôs story of finding strength to raise her children in T√ºrkiye after the earthquake and losing her husband. #OnMyMind #WorldMentalHealthDay",2023-10-10 20:01:02,False,True,50,59,"{'th√≠ch': 433, 'y√™u th√≠ch': 42, 'wow': 3, 'th∆∞∆°ng th∆∞∆°ng': 70, 'bu·ªìn': 12}",560,182,Video Only,20,Tuesday
746871484144106,"19 million.

This is the staggering number of children who are out of school in Sudan as conflict rages on.

Even before violence broke out in April this year, nearly 7 million children were already out of schoolXem th√™m in a country grappling with poverty and instability.

If the war continues, no child in Sudan will be able to go back to school in the coming months.

UNICEF and partners are working to ensure children can access quality education and safely go back to school soon.",2023-10-10 18:00:04,True,False,124,120,"{'th√≠ch': 716, 'y√™u th√≠ch': 14, 'haha': 1, 'wow': 16, 'th∆∞∆°ng th∆∞∆°ng': 44, 'bu·ªìn': 407, 'ph·∫´n n·ªô': 5}",1203,486,Image Only,18,Tuesday
746984357466152,"‚ÄúNothing justifies the killing, maiming or abducting of children ‚Äì grave rights violations which UNICEF wholeheartedly condemns.‚Äù

Full statement by UNICEF Executive Director Catherine Russell on the deteriorating situation for children in Israel and the State of Palestine.",2023-10-10 07:27:41,False,False,96,81,"{'th√≠ch': 521, 'y√™u th√≠ch': 15, 'th∆∞∆°ng th∆∞∆°ng': 66, 'bu·ªìn': 8}",610,274,Neither,7,Tuesday
746863570811564,"Children and families are reeling from the deadly earthquake and multiple aftershocks that hit Afghanistan on Saturday.

UNICEF is providing life-saving support and essential supplies, including hygiene kits,Xem th√™m family kits with cooking supplies, and winter clothes to impacted children and families.

But their needs are growing. Donate today to save lives. https://uni.cf/403F92F",2023-10-10 02:05:15,True,False,126,158,"{'th√≠ch': 1326, 'y√™u th√≠ch': 49, 'wow': 7, 'th∆∞∆°ng th∆∞∆°ng': 198, 'bu·ªìn': 821, 'ph·∫´n n·ªô': 3}",2404,386,Image Only,2,Tuesday
744336624397592,20-year-old Cosas del Kevin from Ecuador shares his story of putting his mental health first. #OnMyMind Voices of Youth,2023-10-09 23:00:02,True,False,23,83,"{'th√≠ch': 489, 'y√™u th√≠ch': 135, 'th∆∞∆°ng th∆∞∆°ng': 20}",644,119,Image Only,23,Monday
746228180875103,"Climate change does not impact us all in the same way.

Children are particularly vulnerable.

20,000 children are displaced every day due to weather-related disasters.

Our latest report. #ChildrenUprooted",2023-10-09 11:00:25,False,False,40,37,"{'th√≠ch': 483, 'y√™u th√≠ch': 32, 'th∆∞∆°ng th∆∞∆°ng': 36, 'bu·ªìn': 13, 'ph·∫´n n·ªô': 1}",565,206,Neither,11,Monday
745748224256432,"Yesterday morning, a 6.3-magnitude earthquake and several strong aftershocks shook western Afghanistan.

The full extent of the destruction is yet unknown, but initial estimates indicate that several hundredXem th√™m people, including women and children, lost their lives or were injured.

We express our heartfelt condolences to families mourning the loss of loved ones. Together with our partners, we will make every effort to provide critical support to those affected.

Read full statement:",2023-10-08 21:22:06,False,False,53,39,"{'th√≠ch': 618, 'y√™u th√≠ch': 19, 'wow': 6, 'th∆∞∆°ng th∆∞∆°ng': 70, 'bu·ªìn': 97}",810,493,Neither,21,Sunday
745531860944735,"What sets communities back from thriving? Gender inequality.

When girls face limitations, it hinders their potential and the progress of society.

This is how UNICEF is working to create a more inclusive and equal world for every girl üëá.",2023-10-08 15:00:54,False,False,30,24,"{'th√≠ch': 460, 'y√™u th√≠ch': 47, 'haha': 1, 'wow': 1, 'th∆∞∆°ng th∆∞∆°ng': 13}",522,238,Neither,15,Sunday
745410480956873,"How is climate change impacting children?

üö® 43 million internal displacements of children linked to weather-related disasters in the last 6 years.
üö® 20,000 child displacements daily.
üö® 95% of child displacements driven by floods and storms.

More in UNICEF's latest report. #ChildrenUprooted",2023-10-08 11:00:17,False,False,34,27,"{'th√≠ch': 430, 'y√™u th√≠ch': 28, 'wow': 1, 'th∆∞∆°ng th∆∞∆°ng': 46, 'bu·ªìn': 16, 'ph·∫´n n·ªô': 1}",522,292,Neither,11,Sunday
743071807857407,"Tropical storm Nalgae
Typhoon Noru
Typhoon Odette

Children in the Philippines have lived through these disasters that destroyed their homes and forced them to evacuate.

As climate change displaces millions of children, UNICEF calls on leaders to protect them and the services they rely on.",2023-10-08 07:00:00,True,False,45,66,"{'th√≠ch': 772, 'y√™u th√≠ch': 66, 'wow': 1, 'th∆∞∆°ng th∆∞∆°ng': 56, 'bu·ªìn': 1}",896,291,Image Only,7,Sunday
745213194309935,"‚ÄúI am deeply concerned for the wellbeing of children in Israel and the State of Palestine.

With hundreds of civilians reportedly killed or injured, we are closely monitoring the situation for reports of graveXem th√™m rights violations committed against children.

UNICEF calls for the immediate cessation of hostilities, and for all parties to protect children from harm and afford them the special protection to which they are entitled, in accordance with their obligations under international humanitarian law.‚Äù

UNICEF Executive Director Catherine Russell

Read full statement:",2023-10-08 02:22:25,False,False,93,116,"{'th√≠ch': 469, 'y√™u th√≠ch': 40, 'wow': 1, 'th∆∞∆°ng th∆∞∆°ng': 49, 'bu·ªìn': 9, 'ph·∫´n n·ªô': 1}",569,581,Neither,2,Sunday
744850907679497,"Looking for ideas to keep your child engaged?

Here are tips to help them learn, grow, and connect with you üíô.",2023-10-07 15:01:12,False,False,47,52,"{'th√≠ch': 689, 'y√™u th√≠ch': 78, 'wow': 2, 'th∆∞∆°ng th∆∞∆°ng': 14}",783,110,Neither,15,Saturday
743904651107456,"Imagine entering your school through a hole in the wall.

That‚Äôs a reality for 15-year-old Sashko in Ukraine. This is his story. #LetMeLearn",2023-10-07 11:00:35,False,True,38,63,"{'th√≠ch': 425, 'y√™u th√≠ch': 38, 'wow': 5, 'th∆∞∆°ng th∆∞∆°ng': 66, 'bu·ªìn': 14}",548,140,Video Only,11,Saturday
744651437699444,"This is a heartbreaking story of how children are particularly vulnerable to climate change.

When floods engulfed Pakistan last year, millions of children were impacted. A year later, many are still living in displacement camps.

These are their stories of survival.",2023-10-07 07:10:11,False,False,25,29,"{'th√≠ch': 361, 'y√™u th√≠ch': 3, 'th∆∞∆°ng th∆∞∆°ng': 31, 'bu·ªìn': 33}",428,267,Neither,7,Saturday
743018031196118,"Thanks to UNICEF, children in drought-hit Ethiopia have access to water.

Climate change is not just degrading our planet but impacting our children. It is forcing children to seek safety and refuge elsewhere.

Xem th√™m As climate-related disasters displace more children around the world, we need to prioritize children on the move in climate action.",2023-10-06 23:00:00,True,False,46,59,"{'th√≠ch': 524, 'y√™u th√≠ch': 76, 'th∆∞∆°ng th∆∞∆°ng': 25, 'bu·ªìn': 2, 'ph·∫´n n·ªô': 1}",628,351,Image Only,23,Friday
744306974400557,"Climate change does not impact us all in the same way.
Children are particularly vulnerable.

20,000 children are displaced every day due to weather-related disasters.

Our latest report. #ChildrenUprooted",2023-10-06 20:00:57,False,False,23,24,"{'th√≠ch': 358, 'y√™u th√≠ch': 12, 'haha': 1, 'th∆∞∆°ng th∆∞∆°ng': 27, 'bu·ªìn': 12}",410,205,Neither,20,Friday
742551181242803,"Weather-related disasters are responsible for internally displacing 43 million children around the world in the last six years.

So how do we protect them and make the services they rely on, such as schools and healthcare, climate resilient?

Our team in Mozambique has answers.",2023-10-06 17:00:26,False,True,38,50,"{'th√≠ch': 321, 'y√™u th√≠ch': 11, 'haha': 2, 'wow': 4, 'th∆∞∆°ng th∆∞∆°ng': 40, 'bu·ªìn': 49, 'ph·∫´n n·ªô': 1}",428,278,Video Only,17,Friday
743009814530273,"Storm Daniel in Libya has displaced thousands of children, destroyed critical infrastructure and impacted children and families.

As climate-related displacement grows, we need leaders to take immediate #ClimateAction to protect displaced children and the services they rely on.",2023-10-06 15:00:04,True,False,43,54,"{'th√≠ch': 820, 'y√™u th√≠ch': 19, 'wow': 10, 'th∆∞∆°ng th∆∞∆°ng': 36, 'bu·ªìn': 329, 'ph·∫´n n·ªô': 3}",1217,278,Image Only,15,Friday
744074141090507,"Children‚Äôs mental health should be on top of everyone‚Äôs minds.

UNICEF and partners are calling on governments to put mental health at the forefront of every community and every policy for every child and their family.

#OnMyMind",2023-10-06 11:00:17,True,False,26,47,"{'th√≠ch': 363, 'y√™u th√≠ch': 33, 'th∆∞∆°ng th∆∞∆°ng': 35, 'bu·ªìn': 10, 'ph·∫´n n·ªô': 1}",442,229,Image Only,11,Friday
744012431096678,"Why do we need urgent child-focused #ClimateAction?

In the last six years, weather-related disasters have displaced 43.1 million children. That‚Äôs nearly 20,000 children every day.

This is what UNICEF is asking decision-makers to do to protect them.",2023-10-06 08:22:05,False,False,25,18,"{'th√≠ch': 310, 'y√™u th√≠ch': 21, 'haha': 1, 'wow': 1, 'th∆∞∆°ng th∆∞∆°ng': 22, 'bu·ªìn': 34, 'ph·∫´n n·ªô': 1}",390,250,Neither,8,Friday
743877131110208,"Six-month-old Guddo Mai from Pakistan is about to receive her third dose of the pentavalent vaccine. This will help protect her from an infection that can cause meningitis, and many other diseases.

Half of allXem th√™m meningitis deaths occur in children under five. Yet many cases of, and deaths from, meningitis can be largely prevented through vaccination.

This #WorldMeningitisDay, join UNICEF and partners to #DefeatMeningitis by 2030.

üëâ https://uni.cf/3RIpBz5",2023-10-06 02:00:40,True,False,44,44,"{'th√≠ch': 1128, 'y√™u th√≠ch': 95, 'wow': 2, 'th∆∞∆°ng th∆∞∆°ng': 61, 'bu·ªìn': 6}",1292,467,Image Only,2,Friday
743860267778561,"UNICEF is delivering life-saving supplies to refugee families at the Yerevan reception center in Armenia.

As their needs rise, we are working with the Government and other partners on the ground and prioritizing the safety and well-being of these vulnerable children and families.",2023-10-06 01:21:07,True,False,40,38,"{'th√≠ch': 679, 'y√™u th√≠ch': 75, 'th∆∞∆°ng th∆∞∆°ng': 17, 'ph·∫´n n·ªô': 1}",772,281,Image Only,1,Friday
